environment,source,action,mean_count
S2KT7,claude-4-sonnet,up,1.5
S2KT7,gemini-2.5-flash,up,2.0
S2KT7,gemini-2.5-pro,up,2.3333333333333335
S2KT7,human,up,4.222222222222222
S2KT7,o3,up,1.3333333333333333
S2KT7,qwen3-235b-a22b-thinking-2507,up,2.6666666666666665
27VWC,claude-4-sonnet,up,1.0
27VWC,gemini-2.5-flash,up,1.0
27VWC,gemini-2.5-pro,up,1.6666666666666667
27VWC,human,up,1.4444444444444444
27VWC,o3,up,1.3333333333333333
27VWC,qwen3-235b-a22b-thinking-2507,up,3.6666666666666665
KFQYT,claude-4-sonnet,up,1.0
KFQYT,gemini-2.5-flash,up,1.3333333333333333
KFQYT,gemini-2.5-pro,up,5.333333333333333
KFQYT,human,up,14.666666666666666
KFQYT,o3,up,2.6666666666666665
KFQYT,qwen3-235b-a22b-thinking-2507,up,2.6666666666666665
B58F3,claude-4-sonnet,up,13.0
B58F3,gemini-2.5-flash,up,1.0
B58F3,gemini-2.5-pro,up,2.3333333333333335
B58F3,human,up,8.11111111111111
B58F3,o3,up,1.6666666666666667
B58F3,qwen3-235b-a22b-thinking-2507,up,1.0
NRDF6,claude-4-sonnet,up,1.0
NRDF6,gemini-2.5-flash,up,1.6666666666666667
NRDF6,gemini-2.5-pro,up,5.333333333333333
NRDF6,human,up,3.4444444444444446
NRDF6,o3,up,0.0
NRDF6,qwen3-235b-a22b-thinking-2507,up,29.0
6JKKA,claude-4-sonnet,up,2.6666666666666665
6JKKA,gemini-2.5-flash,up,0.6666666666666666
6JKKA,gemini-2.5-pro,up,10.666666666666666
6JKKA,human,up,46.77777777777778
6JKKA,o3,up,2.6666666666666665
6JKKA,qwen3-235b-a22b-thinking-2507,up,3.3333333333333335
K8MTQ,claude-4-sonnet,up,1.0
K8MTQ,gemini-2.5-flash,up,1.0
K8MTQ,gemini-2.5-pro,up,1.0
K8MTQ,human,up,6.444444444444445
K8MTQ,o3,up,0.6666666666666666
K8MTQ,qwen3-235b-a22b-thinking-2507,up,1.6666666666666667
T5F9B,claude-4-sonnet,up,1.3333333333333333
T5F9B,gemini-2.5-flash,up,1.6666666666666667
T5F9B,gemini-2.5-pro,up,2.0
T5F9B,human,up,3.6666666666666665
T5F9B,o3,up,0.6666666666666666
T5F9B,qwen3-235b-a22b-thinking-2507,up,0.6666666666666666
N59TE,claude-4-sonnet,up,0.6666666666666666
N59TE,gemini-2.5-flash,up,1.0
N59TE,gemini-2.5-pro,up,4.333333333333333
N59TE,human,up,4.333333333333333
N59TE,o3,up,2.3333333333333335
N59TE,qwen3-235b-a22b-thinking-2507,up,0.0
76Z75,claude-4-sonnet,up,10.0
76Z75,gemini-2.5-flash,up,1.3333333333333333
76Z75,gemini-2.5-pro,up,10.0
76Z75,human,up,7.333333333333333
76Z75,o3,up,3.0
76Z75,qwen3-235b-a22b-thinking-2507,up,0.75
NF5VZ,claude-4-sonnet,up,5.666666666666667
NF5VZ,gemini-2.5-flash,up,2.0
NF5VZ,gemini-2.5-pro,up,14.666666666666666
NF5VZ,human,up,19.444444444444443
NF5VZ,o3,up,1.0
NF5VZ,qwen3-235b-a22b-thinking-2507,up,10.333333333333334
236VK,claude-4-sonnet,up,1.3333333333333333
236VK,gemini-2.5-flash,up,1.6666666666666667
236VK,gemini-2.5-pro,up,1.6666666666666667
236VK,human,up,27.22222222222222
236VK,o3,up,2.6666666666666665
236VK,qwen3-235b-a22b-thinking-2507,up,1.6666666666666667
DQ8GC,claude-4-sonnet,up,1.0
DQ8GC,gemini-2.5-flash,up,3.0
DQ8GC,gemini-2.5-pro,up,1.6666666666666667
DQ8GC,human,up,7.888888888888889
DQ8GC,o3,up,1.0
DQ8GC,qwen3-235b-a22b-thinking-2507,up,2.3333333333333335
QM9XB,claude-4-sonnet,up,23.0
QM9XB,gemini-2.5-flash,up,3.3333333333333335
QM9XB,gemini-2.5-pro,up,11.666666666666666
QM9XB,human,up,31.77777777777778
QM9XB,o3,up,1.3333333333333333
QM9XB,qwen3-235b-a22b-thinking-2507,up,10.0
6JVMF,claude-4-sonnet,up,3.0
6JVMF,gemini-2.5-flash,up,4.666666666666667
6JVMF,gemini-2.5-pro,up,4.0
6JVMF,human,up,17.0
6JVMF,o3,up,2.0
6JVMF,qwen3-235b-a22b-thinking-2507,up,1.6666666666666667
27JBD,claude-4-sonnet,up,1.0
27JBD,gemini-2.5-flash,up,0.3333333333333333
27JBD,gemini-2.5-pro,up,0.3333333333333333
27JBD,human,up,5.666666666666667
27JBD,o3,up,0.6666666666666666
27JBD,qwen3-235b-a22b-thinking-2507,up,1.0
VQJH6,claude-4-sonnet,up,1.6666666666666667
VQJH6,gemini-2.5-flash,up,1.0
VQJH6,gemini-2.5-pro,up,7.333333333333333
VQJH6,human,up,2.6666666666666665
VQJH6,o3,up,2.6666666666666665
VQJH6,qwen3-235b-a22b-thinking-2507,up,1.6666666666666667
QQM74,claude-4-sonnet,up,3.3333333333333335
QQM74,gemini-2.5-flash,up,7.666666666666667
QQM74,gemini-2.5-pro,up,1.3333333333333333
QQM74,human,up,7.777777777777778
QQM74,o3,up,1.0
QQM74,qwen3-235b-a22b-thinking-2507,up,2.3333333333333335
7XF97,claude-4-sonnet,up,2.3333333333333335
7XF97,gemini-2.5-flash,up,1.0
7XF97,gemini-2.5-pro,up,3.0
7XF97,human,up,6.222222222222222
7XF97,o3,up,1.3333333333333333
7XF97,qwen3-235b-a22b-thinking-2507,up,2.0
BT3GB,claude-4-sonnet,up,1.3333333333333333
BT3GB,gemini-2.5-flash,up,1.6666666666666667
BT3GB,gemini-2.5-pro,up,1.3333333333333333
BT3GB,human,up,6.777777777777778
BT3GB,o3,up,1.3333333333333333
BT3GB,qwen3-235b-a22b-thinking-2507,up,0.6666666666666666
BT2KZ,claude-4-sonnet,up,1.0
BT2KZ,gemini-2.5-flash,up,0.3333333333333333
BT2KZ,gemini-2.5-pro,up,2.0
BT2KZ,human,up,2.2222222222222223
BT2KZ,o3,up,0.0
BT2KZ,qwen3-235b-a22b-thinking-2507,up,0.6666666666666666
B8AKZ,claude-4-sonnet,up,1.3333333333333333
B8AKZ,gemini-2.5-flash,up,2.6666666666666665
B8AKZ,gemini-2.5-pro,up,11.333333333333334
B8AKZ,human,up,8.222222222222221
B8AKZ,o3,up,2.3333333333333335
B8AKZ,qwen3-235b-a22b-thinking-2507,up,1.3333333333333333
9F8AJ,claude-4-sonnet,up,1.3333333333333333
9F8AJ,gemini-2.5-flash,up,1.6666666666666667
9F8AJ,gemini-2.5-pro,up,6.0
9F8AJ,human,up,7.666666666666667
9F8AJ,o3,up,1.0
9F8AJ,qwen3-235b-a22b-thinking-2507,up,0.6666666666666666
4CKC2,claude-4-sonnet,up,1.0
4CKC2,gemini-2.5-flash,up,0.6666666666666666
4CKC2,gemini-2.5-pro,up,3.0
4CKC2,human,up,1.8888888888888888
4CKC2,o3,up,1.0
4CKC2,qwen3-235b-a22b-thinking-2507,up,1.3333333333333333
7WWW9,claude-4-sonnet,up,9.333333333333334
7WWW9,gemini-2.5-flash,up,7.333333333333333
7WWW9,gemini-2.5-pro,up,14.666666666666666
7WWW9,human,up,17.0
7WWW9,o3,up,2.0
7WWW9,qwen3-235b-a22b-thinking-2507,up,3.6666666666666665
N2NTD,claude-4-sonnet,up,7.333333333333333
N2NTD,gemini-2.5-flash,up,2.0
N2NTD,gemini-2.5-pro,up,2.0
N2NTD,human,up,26.444444444444443
N2NTD,o3,up,2.0
N2NTD,qwen3-235b-a22b-thinking-2507,up,8.0
BY2Q7,claude-4-sonnet,up,0.3333333333333333
BY2Q7,gemini-2.5-flash,up,3.0
BY2Q7,gemini-2.5-pro,up,5.333333333333333
BY2Q7,human,up,3.2222222222222223
BY2Q7,o3,up,0.3333333333333333
BY2Q7,qwen3-235b-a22b-thinking-2507,up,0.6666666666666666
4T8TR,claude-4-sonnet,up,1.0
4T8TR,gemini-2.5-flash,up,0.6666666666666666
4T8TR,gemini-2.5-pro,up,2.0
4T8TR,human,up,4.111111111111111
4T8TR,o3,up,1.6666666666666667
4T8TR,qwen3-235b-a22b-thinking-2507,up,4.0
YS322,claude-4-sonnet,up,1.0
YS322,gemini-2.5-flash,up,0.6666666666666666
YS322,gemini-2.5-pro,up,1.6666666666666667
YS322,human,up,3.7777777777777777
YS322,o3,up,0.3333333333333333
YS322,qwen3-235b-a22b-thinking-2507,up,0.0
WHGHP,claude-4-sonnet,up,8.666666666666666
WHGHP,gemini-2.5-flash,up,4.666666666666667
WHGHP,gemini-2.5-pro,up,4.0
WHGHP,human,up,30.666666666666668
WHGHP,o3,up,4.333333333333333
WHGHP,qwen3-235b-a22b-thinking-2507,up,4.333333333333333
EAHCW,claude-4-sonnet,up,1.0
EAHCW,gemini-2.5-flash,up,0.6666666666666666
EAHCW,gemini-2.5-pro,up,3.0
EAHCW,human,up,10.222222222222221
EAHCW,o3,up,1.3333333333333333
EAHCW,qwen3-235b-a22b-thinking-2507,up,1.0
83WKQ,claude-4-sonnet,up,3.3333333333333335
83WKQ,gemini-2.5-flash,up,1.6666666666666667
83WKQ,gemini-2.5-pro,up,3.3333333333333335
83WKQ,human,up,17.444444444444443
83WKQ,o3,up,2.6666666666666665
83WKQ,qwen3-235b-a22b-thinking-2507,up,2.0
3J4Z7,claude-4-sonnet,up,1.0
3J4Z7,gemini-2.5-flash,up,0.3333333333333333
3J4Z7,gemini-2.5-pro,up,1.0
3J4Z7,human,up,4.222222222222222
3J4Z7,o3,up,0.6666666666666666
3J4Z7,qwen3-235b-a22b-thinking-2507,up,1.3333333333333333
QDHS3,claude-4-sonnet,up,10.0
QDHS3,gemini-2.5-flash,up,1.3333333333333333
QDHS3,gemini-2.5-pro,up,1.0
QDHS3,human,up,10.0
QDHS3,o3,up,1.0
QDHS3,qwen3-235b-a22b-thinking-2507,up,1.0
VA6FQ,claude-4-sonnet,up,1.0
VA6FQ,gemini-2.5-flash,up,6.0
VA6FQ,gemini-2.5-pro,up,1.3333333333333333
VA6FQ,human,up,5.0
VA6FQ,o3,up,1.0
VA6FQ,qwen3-235b-a22b-thinking-2507,up,0.6666666666666666
7VKTD,claude-4-sonnet,up,16.333333333333332
7VKTD,gemini-2.5-flash,up,6.333333333333333
7VKTD,gemini-2.5-pro,up,14.0
7VKTD,human,up,7.111111111111111
7VKTD,o3,up,3.6666666666666665
7VKTD,qwen3-235b-a22b-thinking-2507,up,2.0
set,claude-4-sonnet,up,1.0
set,gemini-2.5-flash,up,1.6666666666666667
set,gemini-2.5-pro,up,0.3333333333333333
set,human,up,8.0
set,o3,up,0.3333333333333333
set,qwen3-235b-a22b-thinking-2507,up,3.0
XHGKQ,claude-4-sonnet,up,1.3333333333333333
XHGKQ,gemini-2.5-flash,up,1.3333333333333333
XHGKQ,gemini-2.5-pro,up,3.0
XHGKQ,human,up,8.777777777777779
XHGKQ,o3,up,1.3333333333333333
XHGKQ,qwen3-235b-a22b-thinking-2507,up,1.3333333333333333
F5W3N,claude-4-sonnet,up,3.0
F5W3N,gemini-2.5-flash,up,1.6666666666666667
F5W3N,gemini-2.5-pro,up,10.333333333333334
F5W3N,human,up,17.666666666666668
F5W3N,o3,up,2.3333333333333335
F5W3N,qwen3-235b-a22b-thinking-2507,up,6.0
JXQAW,claude-4-sonnet,up,2.0
JXQAW,gemini-2.5-flash,up,1.0
JXQAW,gemini-2.5-pro,up,5.666666666666667
JXQAW,human,up,3.5555555555555554
JXQAW,o3,up,1.3333333333333333
JXQAW,qwen3-235b-a22b-thinking-2507,up,1.3333333333333333
4N7BB,claude-4-sonnet,up,1.0
4N7BB,gemini-2.5-flash,up,0.6666666666666666
4N7BB,gemini-2.5-pro,up,1.0
4N7BB,human,up,1.1111111111111112
4N7BB,o3,up,1.0
4N7BB,qwen3-235b-a22b-thinking-2507,up,0.0
NTQ4Y,claude-4-sonnet,up,1.0
NTQ4Y,gemini-2.5-flash,up,1.3333333333333333
NTQ4Y,gemini-2.5-pro,up,0.3333333333333333
NTQ4Y,human,up,3.4444444444444446
NTQ4Y,o3,up,0.0
NTQ4Y,qwen3-235b-a22b-thinking-2507,up,1.3333333333333333
DGG2C,claude-4-sonnet,up,3.0
DGG2C,gemini-2.5-flash,up,7.0
DGG2C,gemini-2.5-pro,up,1.0
DGG2C,human,up,13.222222222222221
DGG2C,o3,up,0.6666666666666666
DGG2C,qwen3-235b-a22b-thinking-2507,up,1.0
S2KT7,claude-4-sonnet,down,1.0
S2KT7,gemini-2.5-flash,down,1.0
S2KT7,gemini-2.5-pro,down,2.0
S2KT7,human,down,5.111111111111111
S2KT7,o3,down,0.6666666666666666
S2KT7,qwen3-235b-a22b-thinking-2507,down,2.0
27VWC,claude-4-sonnet,down,1.0
27VWC,gemini-2.5-flash,down,2.0
27VWC,gemini-2.5-pro,down,1.3333333333333333
27VWC,human,down,1.8888888888888888
27VWC,o3,down,1.0
27VWC,qwen3-235b-a22b-thinking-2507,down,2.3333333333333335
KFQYT,claude-4-sonnet,down,0.6666666666666666
KFQYT,gemini-2.5-flash,down,1.3333333333333333
KFQYT,gemini-2.5-pro,down,6.666666666666667
KFQYT,human,down,14.777777777777779
KFQYT,o3,down,4.666666666666667
KFQYT,qwen3-235b-a22b-thinking-2507,down,7.333333333333333
B58F3,claude-4-sonnet,down,13.666666666666666
B58F3,gemini-2.5-flash,down,0.6666666666666666
B58F3,gemini-2.5-pro,down,7.0
B58F3,human,down,4.111111111111111
B58F3,o3,down,1.3333333333333333
B58F3,qwen3-235b-a22b-thinking-2507,down,1.0
NRDF6,claude-4-sonnet,down,10.333333333333334
NRDF6,gemini-2.5-flash,down,1.0
NRDF6,gemini-2.5-pro,down,16.0
NRDF6,human,down,2.3333333333333335
NRDF6,o3,down,1.0
NRDF6,qwen3-235b-a22b-thinking-2507,down,6.666666666666667
6JKKA,claude-4-sonnet,down,2.6666666666666665
6JKKA,gemini-2.5-flash,down,1.3333333333333333
6JKKA,gemini-2.5-pro,down,5.0
6JKKA,human,down,17.88888888888889
6JKKA,o3,down,1.0
6JKKA,qwen3-235b-a22b-thinking-2507,down,3.6666666666666665
K8MTQ,claude-4-sonnet,down,1.0
K8MTQ,gemini-2.5-flash,down,2.3333333333333335
K8MTQ,gemini-2.5-pro,down,1.0
K8MTQ,human,down,4.666666666666667
K8MTQ,o3,down,0.6666666666666666
K8MTQ,qwen3-235b-a22b-thinking-2507,down,2.6666666666666665
T5F9B,claude-4-sonnet,down,0.6666666666666666
T5F9B,gemini-2.5-flash,down,1.3333333333333333
T5F9B,gemini-2.5-pro,down,2.3333333333333335
T5F9B,human,down,3.4444444444444446
T5F9B,o3,down,0.0
T5F9B,qwen3-235b-a22b-thinking-2507,down,1.3333333333333333
N59TE,claude-4-sonnet,down,1.3333333333333333
N59TE,gemini-2.5-flash,down,0.6666666666666666
N59TE,gemini-2.5-pro,down,7.0
N59TE,human,down,3.6666666666666665
N59TE,o3,down,2.0
N59TE,qwen3-235b-a22b-thinking-2507,down,1.0
76Z75,claude-4-sonnet,down,14.666666666666666
76Z75,gemini-2.5-flash,down,1.0
76Z75,gemini-2.5-pro,down,9.333333333333334
76Z75,human,down,8.666666666666666
76Z75,o3,down,3.6666666666666665
76Z75,qwen3-235b-a22b-thinking-2507,down,1.0
NF5VZ,claude-4-sonnet,down,8.0
NF5VZ,gemini-2.5-flash,down,2.0
NF5VZ,gemini-2.5-pro,down,16.333333333333332
NF5VZ,human,down,5.666666666666667
NF5VZ,o3,down,0.6666666666666666
NF5VZ,qwen3-235b-a22b-thinking-2507,down,5.666666666666667
236VK,claude-4-sonnet,down,1.3333333333333333
236VK,gemini-2.5-flash,down,0.3333333333333333
236VK,gemini-2.5-pro,down,2.3333333333333335
236VK,human,down,12.666666666666666
236VK,o3,down,1.6666666666666667
236VK,qwen3-235b-a22b-thinking-2507,down,2.6666666666666665
DQ8GC,claude-4-sonnet,down,5.0
DQ8GC,gemini-2.5-flash,down,5.666666666666667
DQ8GC,gemini-2.5-pro,down,5.0
DQ8GC,human,down,13.88888888888889
DQ8GC,o3,down,4.0
DQ8GC,qwen3-235b-a22b-thinking-2507,down,8.666666666666666
QM9XB,claude-4-sonnet,down,5.666666666666667
QM9XB,gemini-2.5-flash,down,1.3333333333333333
QM9XB,gemini-2.5-pro,down,13.333333333333334
QM9XB,human,down,9.222222222222221
QM9XB,o3,down,1.0
QM9XB,qwen3-235b-a22b-thinking-2507,down,7.333333333333333
6JVMF,claude-4-sonnet,down,4.0
6JVMF,gemini-2.5-flash,down,3.3333333333333335
6JVMF,gemini-2.5-pro,down,3.3333333333333335
6JVMF,human,down,13.222222222222221
6JVMF,o3,down,1.0
6JVMF,qwen3-235b-a22b-thinking-2507,down,1.3333333333333333
27JBD,claude-4-sonnet,down,0.6666666666666666
27JBD,gemini-2.5-flash,down,0.3333333333333333
27JBD,gemini-2.5-pro,down,0.3333333333333333
27JBD,human,down,7.555555555555555
27JBD,o3,down,0.0
27JBD,qwen3-235b-a22b-thinking-2507,down,7.0
VQJH6,claude-4-sonnet,down,1.6666666666666667
VQJH6,gemini-2.5-flash,down,1.0
VQJH6,gemini-2.5-pro,down,7.666666666666667
VQJH6,human,down,3.6666666666666665
VQJH6,o3,down,1.0
VQJH6,qwen3-235b-a22b-thinking-2507,down,1.0
QQM74,claude-4-sonnet,down,5.666666666666667
QQM74,gemini-2.5-flash,down,4.333333333333333
QQM74,gemini-2.5-pro,down,3.3333333333333335
QQM74,human,down,14.333333333333334
QQM74,o3,down,1.0
QQM74,qwen3-235b-a22b-thinking-2507,down,1.6666666666666667
7XF97,claude-4-sonnet,down,2.3333333333333335
7XF97,gemini-2.5-flash,down,1.0
7XF97,gemini-2.5-pro,down,5.0
7XF97,human,down,38.44444444444444
7XF97,o3,down,1.3333333333333333
7XF97,qwen3-235b-a22b-thinking-2507,down,0.6666666666666666
BT3GB,claude-4-sonnet,down,2.0
BT3GB,gemini-2.5-flash,down,1.6666666666666667
BT3GB,gemini-2.5-pro,down,5.0
BT3GB,human,down,78.11111111111111
BT3GB,o3,down,2.6666666666666665
BT3GB,qwen3-235b-a22b-thinking-2507,down,2.6666666666666665
BT2KZ,claude-4-sonnet,down,0.3333333333333333
BT2KZ,gemini-2.5-flash,down,0.0
BT2KZ,gemini-2.5-pro,down,2.0
BT2KZ,human,down,2.888888888888889
BT2KZ,o3,down,0.3333333333333333
BT2KZ,qwen3-235b-a22b-thinking-2507,down,3.0
B8AKZ,claude-4-sonnet,down,1.6666666666666667
B8AKZ,gemini-2.5-flash,down,2.0
B8AKZ,gemini-2.5-pro,down,26.333333333333332
B8AKZ,human,down,11.0
B8AKZ,o3,down,4.666666666666667
B8AKZ,qwen3-235b-a22b-thinking-2507,down,6.666666666666667
9F8AJ,claude-4-sonnet,down,0.3333333333333333
9F8AJ,gemini-2.5-flash,down,6.0
9F8AJ,gemini-2.5-pro,down,9.333333333333334
9F8AJ,human,down,5.666666666666667
9F8AJ,o3,down,0.3333333333333333
9F8AJ,qwen3-235b-a22b-thinking-2507,down,5.333333333333333
4CKC2,claude-4-sonnet,down,1.0
4CKC2,gemini-2.5-flash,down,0.6666666666666666
4CKC2,gemini-2.5-pro,down,3.3333333333333335
4CKC2,human,down,1.7777777777777777
4CKC2,o3,down,0.6666666666666666
4CKC2,qwen3-235b-a22b-thinking-2507,down,6.0
7WWW9,claude-4-sonnet,down,8.666666666666666
7WWW9,gemini-2.5-flash,down,1.3333333333333333
7WWW9,gemini-2.5-pro,down,11.333333333333334
7WWW9,human,down,17.666666666666668
7WWW9,o3,down,2.6666666666666665
7WWW9,qwen3-235b-a22b-thinking-2507,down,13.0
N2NTD,claude-4-sonnet,down,5.666666666666667
N2NTD,gemini-2.5-flash,down,1.0
N2NTD,gemini-2.5-pro,down,2.3333333333333335
N2NTD,human,down,2.6666666666666665
N2NTD,o3,down,2.0
N2NTD,qwen3-235b-a22b-thinking-2507,down,3.0
BY2Q7,claude-4-sonnet,down,1.0
BY2Q7,gemini-2.5-flash,down,3.3333333333333335
BY2Q7,gemini-2.5-pro,down,11.333333333333334
BY2Q7,human,down,8.777777777777779
BY2Q7,o3,down,0.3333333333333333
BY2Q7,qwen3-235b-a22b-thinking-2507,down,5.666666666666667
4T8TR,claude-4-sonnet,down,1.0
4T8TR,gemini-2.5-flash,down,1.0
4T8TR,gemini-2.5-pro,down,1.3333333333333333
4T8TR,human,down,5.555555555555555
4T8TR,o3,down,1.0
4T8TR,qwen3-235b-a22b-thinking-2507,down,1.6666666666666667
YS322,claude-4-sonnet,down,0.6666666666666666
YS322,gemini-2.5-flash,down,1.0
YS322,gemini-2.5-pro,down,3.6666666666666665
YS322,human,down,3.7777777777777777
YS322,o3,down,0.3333333333333333
YS322,qwen3-235b-a22b-thinking-2507,down,0.0
WHGHP,claude-4-sonnet,down,7.333333333333333
WHGHP,gemini-2.5-flash,down,1.3333333333333333
WHGHP,gemini-2.5-pro,down,6.666666666666667
WHGHP,human,down,29.666666666666668
WHGHP,o3,down,3.3333333333333335
WHGHP,qwen3-235b-a22b-thinking-2507,down,3.6666666666666665
EAHCW,claude-4-sonnet,down,0.6666666666666666
EAHCW,gemini-2.5-flash,down,0.6666666666666666
EAHCW,gemini-2.5-pro,down,3.3333333333333335
EAHCW,human,down,7.777777777777778
EAHCW,o3,down,1.0
EAHCW,qwen3-235b-a22b-thinking-2507,down,1.0
83WKQ,claude-4-sonnet,down,2.6666666666666665
83WKQ,gemini-2.5-flash,down,1.0
83WKQ,gemini-2.5-pro,down,4.333333333333333
83WKQ,human,down,17.22222222222222
83WKQ,o3,down,1.6666666666666667
83WKQ,qwen3-235b-a22b-thinking-2507,down,1.3333333333333333
3J4Z7,claude-4-sonnet,down,1.0
3J4Z7,gemini-2.5-flash,down,0.3333333333333333
3J4Z7,gemini-2.5-pro,down,1.0
3J4Z7,human,down,3.3333333333333335
3J4Z7,o3,down,1.0
3J4Z7,qwen3-235b-a22b-thinking-2507,down,2.3333333333333335
QDHS3,claude-4-sonnet,down,7.666666666666667
QDHS3,gemini-2.5-flash,down,1.3333333333333333
QDHS3,gemini-2.5-pro,down,1.3333333333333333
QDHS3,human,down,9.88888888888889
QDHS3,o3,down,3.0
QDHS3,qwen3-235b-a22b-thinking-2507,down,1.6666666666666667
VA6FQ,claude-4-sonnet,down,1.0
VA6FQ,gemini-2.5-flash,down,5.333333333333333
VA6FQ,gemini-2.5-pro,down,2.0
VA6FQ,human,down,6.888888888888889
VA6FQ,o3,down,1.3333333333333333
VA6FQ,qwen3-235b-a22b-thinking-2507,down,2.3333333333333335
7VKTD,claude-4-sonnet,down,17.666666666666668
7VKTD,gemini-2.5-flash,down,2.6666666666666665
7VKTD,gemini-2.5-pro,down,11.333333333333334
7VKTD,human,down,7.0
7VKTD,o3,down,1.0
7VKTD,qwen3-235b-a22b-thinking-2507,down,0.3333333333333333
set,claude-4-sonnet,down,2.6666666666666665
set,gemini-2.5-flash,down,0.6666666666666666
set,gemini-2.5-pro,down,1.0
set,human,down,8.88888888888889
set,o3,down,0.6666666666666666
set,qwen3-235b-a22b-thinking-2507,down,1.0
XHGKQ,claude-4-sonnet,down,1.0
XHGKQ,gemini-2.5-flash,down,1.3333333333333333
XHGKQ,gemini-2.5-pro,down,2.6666666666666665
XHGKQ,human,down,10.222222222222221
XHGKQ,o3,down,0.6666666666666666
XHGKQ,qwen3-235b-a22b-thinking-2507,down,0.3333333333333333
F5W3N,claude-4-sonnet,down,9.666666666666666
F5W3N,gemini-2.5-flash,down,0.6666666666666666
F5W3N,gemini-2.5-pro,down,3.0
F5W3N,human,down,3.2222222222222223
F5W3N,o3,down,0.3333333333333333
F5W3N,qwen3-235b-a22b-thinking-2507,down,0.6666666666666666
JXQAW,claude-4-sonnet,down,1.0
JXQAW,gemini-2.5-flash,down,0.3333333333333333
JXQAW,gemini-2.5-pro,down,6.333333333333333
JXQAW,human,down,3.5555555555555554
JXQAW,o3,down,0.0
JXQAW,qwen3-235b-a22b-thinking-2507,down,1.6666666666666667
4N7BB,claude-4-sonnet,down,1.0
4N7BB,gemini-2.5-flash,down,0.6666666666666666
4N7BB,gemini-2.5-pro,down,1.0
4N7BB,human,down,1.7777777777777777
4N7BB,o3,down,0.3333333333333333
4N7BB,qwen3-235b-a22b-thinking-2507,down,0.0
NTQ4Y,claude-4-sonnet,down,1.0
NTQ4Y,gemini-2.5-flash,down,1.0
NTQ4Y,gemini-2.5-pro,down,1.3333333333333333
NTQ4Y,human,down,2.7777777777777777
NTQ4Y,o3,down,0.6666666666666666
NTQ4Y,qwen3-235b-a22b-thinking-2507,down,8.666666666666666
DGG2C,claude-4-sonnet,down,10.0
DGG2C,gemini-2.5-flash,down,5.333333333333333
DGG2C,gemini-2.5-pro,down,5.333333333333333
DGG2C,human,down,10.222222222222221
DGG2C,o3,down,0.3333333333333333
DGG2C,qwen3-235b-a22b-thinking-2507,down,6.0
S2KT7,claude-4-sonnet,left,1.5
S2KT7,gemini-2.5-flash,left,1.6666666666666667
S2KT7,gemini-2.5-pro,left,2.6666666666666665
S2KT7,human,left,4.888888888888889
S2KT7,o3,left,3.0
S2KT7,qwen3-235b-a22b-thinking-2507,left,0.6666666666666666
27VWC,claude-4-sonnet,left,1.0
27VWC,gemini-2.5-flash,left,1.0
27VWC,gemini-2.5-pro,left,1.6666666666666667
27VWC,human,left,1.6666666666666667
27VWC,o3,left,1.3333333333333333
27VWC,qwen3-235b-a22b-thinking-2507,left,0.6666666666666666
KFQYT,claude-4-sonnet,left,0.6666666666666666
KFQYT,gemini-2.5-flash,left,1.3333333333333333
KFQYT,gemini-2.5-pro,left,3.3333333333333335
KFQYT,human,left,7.333333333333333
KFQYT,o3,left,2.3333333333333335
KFQYT,qwen3-235b-a22b-thinking-2507,left,4.0
B58F3,claude-4-sonnet,left,12.333333333333334
B58F3,gemini-2.5-flash,left,2.0
B58F3,gemini-2.5-pro,left,2.3333333333333335
B58F3,human,left,81.44444444444444
B58F3,o3,left,2.6666666666666665
B58F3,qwen3-235b-a22b-thinking-2507,left,1.0
NRDF6,claude-4-sonnet,left,1.0
NRDF6,gemini-2.5-flash,left,1.0
NRDF6,gemini-2.5-pro,left,6.333333333333333
NRDF6,human,left,3.0
NRDF6,o3,left,0.6666666666666666
NRDF6,qwen3-235b-a22b-thinking-2507,left,0.6666666666666666
6JKKA,claude-4-sonnet,left,2.6666666666666665
6JKKA,gemini-2.5-flash,left,1.6666666666666667
6JKKA,gemini-2.5-pro,left,2.6666666666666665
6JKKA,human,left,35.44444444444444
6JKKA,o3,left,1.3333333333333333
6JKKA,qwen3-235b-a22b-thinking-2507,left,2.0
K8MTQ,claude-4-sonnet,left,1.0
K8MTQ,gemini-2.5-flash,left,1.0
K8MTQ,gemini-2.5-pro,left,1.0
K8MTQ,human,left,4.222222222222222
K8MTQ,o3,left,1.0
K8MTQ,qwen3-235b-a22b-thinking-2507,left,2.3333333333333335
T5F9B,claude-4-sonnet,left,1.0
T5F9B,gemini-2.5-flash,left,1.3333333333333333
T5F9B,gemini-2.5-pro,left,1.6666666666666667
T5F9B,human,left,1.8888888888888888
T5F9B,o3,left,0.6666666666666666
T5F9B,qwen3-235b-a22b-thinking-2507,left,0.3333333333333333
N59TE,claude-4-sonnet,left,0.6666666666666666
N59TE,gemini-2.5-flash,left,0.6666666666666666
N59TE,gemini-2.5-pro,left,5.0
N59TE,human,left,2.4444444444444446
N59TE,o3,left,1.6666666666666667
N59TE,qwen3-235b-a22b-thinking-2507,left,0.3333333333333333
76Z75,claude-4-sonnet,left,8.666666666666666
76Z75,gemini-2.5-flash,left,1.0
76Z75,gemini-2.5-pro,left,8.333333333333334
76Z75,human,left,11.88888888888889
76Z75,o3,left,8.333333333333334
76Z75,qwen3-235b-a22b-thinking-2507,left,1.25
NF5VZ,claude-4-sonnet,left,4.333333333333333
NF5VZ,gemini-2.5-flash,left,2.3333333333333335
NF5VZ,gemini-2.5-pro,left,11.0
NF5VZ,human,left,5.666666666666667
NF5VZ,o3,left,1.3333333333333333
NF5VZ,qwen3-235b-a22b-thinking-2507,left,3.0
236VK,claude-4-sonnet,left,5.666666666666667
236VK,gemini-2.5-flash,left,5.666666666666667
236VK,gemini-2.5-pro,left,3.3333333333333335
236VK,human,left,3.111111111111111
236VK,o3,left,3.0
236VK,qwen3-235b-a22b-thinking-2507,left,4.0
DQ8GC,claude-4-sonnet,left,2.0
DQ8GC,gemini-2.5-flash,left,2.3333333333333335
DQ8GC,gemini-2.5-pro,left,2.3333333333333335
DQ8GC,human,left,12.333333333333334
DQ8GC,o3,left,0.6666666666666666
DQ8GC,qwen3-235b-a22b-thinking-2507,left,4.666666666666667
QM9XB,claude-4-sonnet,left,9.666666666666666
QM9XB,gemini-2.5-flash,left,2.0
QM9XB,gemini-2.5-pro,left,22.333333333333332
QM9XB,human,left,14.222222222222221
QM9XB,o3,left,1.0
QM9XB,qwen3-235b-a22b-thinking-2507,left,13.333333333333334
6JVMF,claude-4-sonnet,left,8.0
6JVMF,gemini-2.5-flash,left,3.3333333333333335
6JVMF,gemini-2.5-pro,left,4.0
6JVMF,human,left,14.11111111111111
6JVMF,o3,left,1.6666666666666667
6JVMF,qwen3-235b-a22b-thinking-2507,left,5.0
27JBD,claude-4-sonnet,left,0.6666666666666666
27JBD,gemini-2.5-flash,left,0.3333333333333333
27JBD,gemini-2.5-pro,left,0.0
27JBD,human,left,4.222222222222222
27JBD,o3,left,0.0
27JBD,qwen3-235b-a22b-thinking-2507,left,0.3333333333333333
VQJH6,claude-4-sonnet,left,2.6666666666666665
VQJH6,gemini-2.5-flash,left,1.0
VQJH6,gemini-2.5-pro,left,6.666666666666667
VQJH6,human,left,5.222222222222222
VQJH6,o3,left,1.6666666666666667
VQJH6,qwen3-235b-a22b-thinking-2507,left,4.666666666666667
QQM74,claude-4-sonnet,left,6.0
QQM74,gemini-2.5-flash,left,6.0
QQM74,gemini-2.5-pro,left,1.0
QQM74,human,left,9.444444444444445
QQM74,o3,left,1.0
QQM74,qwen3-235b-a22b-thinking-2507,left,2.0
7XF97,claude-4-sonnet,left,8.0
7XF97,gemini-2.5-flash,left,2.3333333333333335
7XF97,gemini-2.5-pro,left,22.0
7XF97,human,left,26.444444444444443
7XF97,o3,left,1.0
7XF97,qwen3-235b-a22b-thinking-2507,left,3.0
BT3GB,claude-4-sonnet,left,1.3333333333333333
BT3GB,gemini-2.5-flash,left,1.0
BT3GB,gemini-2.5-pro,left,5.333333333333333
BT3GB,human,left,13.88888888888889
BT3GB,o3,left,3.0
BT3GB,qwen3-235b-a22b-thinking-2507,left,3.6666666666666665
BT2KZ,claude-4-sonnet,left,0.3333333333333333
BT2KZ,gemini-2.5-flash,left,0.0
BT2KZ,gemini-2.5-pro,left,1.6666666666666667
BT2KZ,human,left,1.6666666666666667
BT2KZ,o3,left,0.3333333333333333
BT2KZ,qwen3-235b-a22b-thinking-2507,left,0.3333333333333333
B8AKZ,claude-4-sonnet,left,3.6666666666666665
B8AKZ,gemini-2.5-flash,left,2.0
B8AKZ,gemini-2.5-pro,left,15.0
B8AKZ,human,left,18.77777777777778
B8AKZ,o3,left,8.333333333333334
B8AKZ,qwen3-235b-a22b-thinking-2507,left,3.0
9F8AJ,claude-4-sonnet,left,1.0
9F8AJ,gemini-2.5-flash,left,3.0
9F8AJ,gemini-2.5-pro,left,9.666666666666666
9F8AJ,human,left,9.666666666666666
9F8AJ,o3,left,1.0
9F8AJ,qwen3-235b-a22b-thinking-2507,left,1.0
4CKC2,claude-4-sonnet,left,1.0
4CKC2,gemini-2.5-flash,left,0.6666666666666666
4CKC2,gemini-2.5-pro,left,2.3333333333333335
4CKC2,human,left,1.8888888888888888
4CKC2,o3,left,0.6666666666666666
4CKC2,qwen3-235b-a22b-thinking-2507,left,2.6666666666666665
7WWW9,claude-4-sonnet,left,8.0
7WWW9,gemini-2.5-flash,left,10.0
7WWW9,gemini-2.5-pro,left,9.666666666666666
7WWW9,human,left,22.666666666666668
7WWW9,o3,left,3.6666666666666665
7WWW9,qwen3-235b-a22b-thinking-2507,left,6.0
N2NTD,claude-4-sonnet,left,5.666666666666667
N2NTD,gemini-2.5-flash,left,1.0
N2NTD,gemini-2.5-pro,left,1.3333333333333333
N2NTD,human,left,21.88888888888889
N2NTD,o3,left,4.0
N2NTD,qwen3-235b-a22b-thinking-2507,left,6.0
BY2Q7,claude-4-sonnet,left,0.3333333333333333
BY2Q7,gemini-2.5-flash,left,2.3333333333333335
BY2Q7,gemini-2.5-pro,left,4.333333333333333
BY2Q7,human,left,5.888888888888889
BY2Q7,o3,left,1.0
BY2Q7,qwen3-235b-a22b-thinking-2507,left,4.333333333333333
4T8TR,claude-4-sonnet,left,1.0
4T8TR,gemini-2.5-flash,left,1.0
4T8TR,gemini-2.5-pro,left,0.6666666666666666
4T8TR,human,left,3.4444444444444446
4T8TR,o3,left,1.3333333333333333
4T8TR,qwen3-235b-a22b-thinking-2507,left,2.6666666666666665
YS322,claude-4-sonnet,left,0.6666666666666666
YS322,gemini-2.5-flash,left,1.6666666666666667
YS322,gemini-2.5-pro,left,3.6666666666666665
YS322,human,left,6.0
YS322,o3,left,1.0
YS322,qwen3-235b-a22b-thinking-2507,left,0.6666666666666666
WHGHP,claude-4-sonnet,left,12.333333333333334
WHGHP,gemini-2.5-flash,left,2.3333333333333335
WHGHP,gemini-2.5-pro,left,4.666666666666667
WHGHP,human,left,40.44444444444444
WHGHP,o3,left,3.6666666666666665
WHGHP,qwen3-235b-a22b-thinking-2507,left,2.6666666666666665
EAHCW,claude-4-sonnet,left,0.6666666666666666
EAHCW,gemini-2.5-flash,left,0.6666666666666666
EAHCW,gemini-2.5-pro,left,2.6666666666666665
EAHCW,human,left,6.555555555555555
EAHCW,o3,left,1.0
EAHCW,qwen3-235b-a22b-thinking-2507,left,0.3333333333333333
83WKQ,claude-4-sonnet,left,6.0
83WKQ,gemini-2.5-flash,left,4.0
83WKQ,gemini-2.5-pro,left,5.333333333333333
83WKQ,human,left,14.88888888888889
83WKQ,o3,left,4.0
83WKQ,qwen3-235b-a22b-thinking-2507,left,6.0
3J4Z7,claude-4-sonnet,left,1.0
3J4Z7,gemini-2.5-flash,left,0.6666666666666666
3J4Z7,gemini-2.5-pro,left,1.0
3J4Z7,human,left,3.888888888888889
3J4Z7,o3,left,1.0
3J4Z7,qwen3-235b-a22b-thinking-2507,left,0.6666666666666666
QDHS3,claude-4-sonnet,left,4.666666666666667
QDHS3,gemini-2.5-flash,left,0.6666666666666666
QDHS3,gemini-2.5-pro,left,0.6666666666666666
QDHS3,human,left,10.333333333333334
QDHS3,o3,left,1.0
QDHS3,qwen3-235b-a22b-thinking-2507,left,1.3333333333333333
VA6FQ,claude-4-sonnet,left,1.0
VA6FQ,gemini-2.5-flash,left,3.6666666666666665
VA6FQ,gemini-2.5-pro,left,1.3333333333333333
VA6FQ,human,left,8.88888888888889
VA6FQ,o3,left,1.6666666666666667
VA6FQ,qwen3-235b-a22b-thinking-2507,left,1.0
7VKTD,claude-4-sonnet,left,19.0
7VKTD,gemini-2.5-flash,left,4.666666666666667
7VKTD,gemini-2.5-pro,left,9.0
7VKTD,human,left,6.333333333333333
7VKTD,o3,left,4.0
7VKTD,qwen3-235b-a22b-thinking-2507,left,1.6666666666666667
set,claude-4-sonnet,left,1.3333333333333333
set,gemini-2.5-flash,left,1.3333333333333333
set,gemini-2.5-pro,left,1.0
set,human,left,10.88888888888889
set,o3,left,0.6666666666666666
set,qwen3-235b-a22b-thinking-2507,left,2.6666666666666665
XHGKQ,claude-4-sonnet,left,1.3333333333333333
XHGKQ,gemini-2.5-flash,left,1.3333333333333333
XHGKQ,gemini-2.5-pro,left,3.0
XHGKQ,human,left,14.11111111111111
XHGKQ,o3,left,2.3333333333333335
XHGKQ,qwen3-235b-a22b-thinking-2507,left,1.3333333333333333
F5W3N,claude-4-sonnet,left,1.6666666666666667
F5W3N,gemini-2.5-flash,left,1.3333333333333333
F5W3N,gemini-2.5-pro,left,33.333333333333336
F5W3N,human,left,20.22222222222222
F5W3N,o3,left,1.3333333333333333
F5W3N,qwen3-235b-a22b-thinking-2507,left,2.3333333333333335
JXQAW,claude-4-sonnet,left,1.0
JXQAW,gemini-2.5-flash,left,0.6666666666666666
JXQAW,gemini-2.5-pro,left,6.666666666666667
JXQAW,human,left,4.111111111111111
JXQAW,o3,left,1.0
JXQAW,qwen3-235b-a22b-thinking-2507,left,4.0
4N7BB,claude-4-sonnet,left,1.0
4N7BB,gemini-2.5-flash,left,1.0
4N7BB,gemini-2.5-pro,left,1.0
4N7BB,human,left,2.5555555555555554
4N7BB,o3,left,0.6666666666666666
4N7BB,qwen3-235b-a22b-thinking-2507,left,0.3333333333333333
NTQ4Y,claude-4-sonnet,left,0.6666666666666666
NTQ4Y,gemini-2.5-flash,left,0.6666666666666666
NTQ4Y,gemini-2.5-pro,left,0.3333333333333333
NTQ4Y,human,left,2.7777777777777777
NTQ4Y,o3,left,0.6666666666666666
NTQ4Y,qwen3-235b-a22b-thinking-2507,left,0.3333333333333333
DGG2C,claude-4-sonnet,left,4.0
DGG2C,gemini-2.5-flash,left,7.333333333333333
DGG2C,gemini-2.5-pro,left,1.3333333333333333
DGG2C,human,left,18.333333333333332
DGG2C,o3,left,0.6666666666666666
DGG2C,qwen3-235b-a22b-thinking-2507,left,1.0
S2KT7,claude-4-sonnet,right,1.5
S2KT7,gemini-2.5-flash,right,1.3333333333333333
S2KT7,gemini-2.5-pro,right,3.6666666666666665
S2KT7,human,right,8.0
S2KT7,o3,right,2.0
S2KT7,qwen3-235b-a22b-thinking-2507,right,2.3333333333333335
27VWC,claude-4-sonnet,right,1.0
27VWC,gemini-2.5-flash,right,1.6666666666666667
27VWC,gemini-2.5-pro,right,1.6666666666666667
27VWC,human,right,1.7777777777777777
27VWC,o3,right,0.6666666666666666
27VWC,qwen3-235b-a22b-thinking-2507,right,2.3333333333333335
KFQYT,claude-4-sonnet,right,1.0
KFQYT,gemini-2.5-flash,right,1.0
KFQYT,gemini-2.5-pro,right,5.333333333333333
KFQYT,human,right,7.666666666666667
KFQYT,o3,right,2.0
KFQYT,qwen3-235b-a22b-thinking-2507,right,3.0
B58F3,claude-4-sonnet,right,14.333333333333334
B58F3,gemini-2.5-flash,right,3.6666666666666665
B58F3,gemini-2.5-pro,right,6.0
B58F3,human,right,86.0
B58F3,o3,right,4.666666666666667
B58F3,qwen3-235b-a22b-thinking-2507,right,1.5
NRDF6,claude-4-sonnet,right,1.0
NRDF6,gemini-2.5-flash,right,1.0
NRDF6,gemini-2.5-pro,right,12.666666666666666
NRDF6,human,right,2.5555555555555554
NRDF6,o3,right,0.3333333333333333
NRDF6,qwen3-235b-a22b-thinking-2507,right,1.3333333333333333
6JKKA,claude-4-sonnet,right,2.3333333333333335
6JKKA,gemini-2.5-flash,right,2.6666666666666665
6JKKA,gemini-2.5-pro,right,3.0
6JKKA,human,right,35.666666666666664
6JKKA,o3,right,2.3333333333333335
6JKKA,qwen3-235b-a22b-thinking-2507,right,2.0
K8MTQ,claude-4-sonnet,right,1.3333333333333333
K8MTQ,gemini-2.5-flash,right,4.333333333333333
K8MTQ,gemini-2.5-pro,right,2.3333333333333335
K8MTQ,human,right,4.444444444444445
K8MTQ,o3,right,0.6666666666666666
K8MTQ,qwen3-235b-a22b-thinking-2507,right,4.333333333333333
T5F9B,claude-4-sonnet,right,1.0
T5F9B,gemini-2.5-flash,right,1.3333333333333333
T5F9B,gemini-2.5-pro,right,2.6666666666666665
T5F9B,human,right,3.0
T5F9B,o3,right,1.6666666666666667
T5F9B,qwen3-235b-a22b-thinking-2507,right,2.6666666666666665
N59TE,claude-4-sonnet,right,1.3333333333333333
N59TE,gemini-2.5-flash,right,1.3333333333333333
N59TE,gemini-2.5-pro,right,8.0
N59TE,human,right,3.111111111111111
N59TE,o3,right,2.0
N59TE,qwen3-235b-a22b-thinking-2507,right,2.0
76Z75,claude-4-sonnet,right,10.333333333333334
76Z75,gemini-2.5-flash,right,1.0
76Z75,gemini-2.5-pro,right,7.666666666666667
76Z75,human,right,12.555555555555555
76Z75,o3,right,4.333333333333333
76Z75,qwen3-235b-a22b-thinking-2507,right,11.0
NF5VZ,claude-4-sonnet,right,8.0
NF5VZ,gemini-2.5-flash,right,3.0
NF5VZ,gemini-2.5-pro,right,10.333333333333334
NF5VZ,human,right,8.666666666666666
NF5VZ,o3,right,2.3333333333333335
NF5VZ,qwen3-235b-a22b-thinking-2507,right,2.0
236VK,claude-4-sonnet,right,2.0
236VK,gemini-2.5-flash,right,1.0
236VK,gemini-2.5-pro,right,1.3333333333333333
236VK,human,right,7.333333333333333
236VK,o3,right,1.6666666666666667
236VK,qwen3-235b-a22b-thinking-2507,right,4.666666666666667
DQ8GC,claude-4-sonnet,right,6.0
DQ8GC,gemini-2.5-flash,right,5.0
DQ8GC,gemini-2.5-pro,right,5.666666666666667
DQ8GC,human,right,24.22222222222222
DQ8GC,o3,right,4.666666666666667
DQ8GC,qwen3-235b-a22b-thinking-2507,right,8.0
QM9XB,claude-4-sonnet,right,5.333333333333333
QM9XB,gemini-2.5-flash,right,4.0
QM9XB,gemini-2.5-pro,right,24.0
QM9XB,human,right,11.555555555555555
QM9XB,o3,right,4.0
QM9XB,qwen3-235b-a22b-thinking-2507,right,5.333333333333333
6JVMF,claude-4-sonnet,right,7.666666666666667
6JVMF,gemini-2.5-flash,right,3.0
6JVMF,gemini-2.5-pro,right,3.6666666666666665
6JVMF,human,right,12.11111111111111
6JVMF,o3,right,2.6666666666666665
6JVMF,qwen3-235b-a22b-thinking-2507,right,2.0
27JBD,claude-4-sonnet,right,1.0
27JBD,gemini-2.5-flash,right,0.6666666666666666
27JBD,gemini-2.5-pro,right,2.0
27JBD,human,right,6.777777777777778
27JBD,o3,right,1.6666666666666667
27JBD,qwen3-235b-a22b-thinking-2507,right,22.666666666666668
VQJH6,claude-4-sonnet,right,2.0
VQJH6,gemini-2.5-flash,right,1.0
VQJH6,gemini-2.5-pro,right,7.333333333333333
VQJH6,human,right,3.888888888888889
VQJH6,o3,right,2.0
VQJH6,qwen3-235b-a22b-thinking-2507,right,4.666666666666667
QQM74,claude-4-sonnet,right,8.333333333333334
QQM74,gemini-2.5-flash,right,5.666666666666667
QQM74,gemini-2.5-pro,right,1.3333333333333333
QQM74,human,right,7.222222222222222
QQM74,o3,right,0.3333333333333333
QQM74,qwen3-235b-a22b-thinking-2507,right,2.6666666666666665
7XF97,claude-4-sonnet,right,6.333333333333333
7XF97,gemini-2.5-flash,right,1.6666666666666667
7XF97,gemini-2.5-pro,right,23.333333333333332
7XF97,human,right,26.77777777777778
7XF97,o3,right,1.6666666666666667
7XF97,qwen3-235b-a22b-thinking-2507,right,1.0
BT3GB,claude-4-sonnet,right,3.0
BT3GB,gemini-2.5-flash,right,1.0
BT3GB,gemini-2.5-pro,right,3.0
BT3GB,human,right,17.666666666666668
BT3GB,o3,right,2.3333333333333335
BT3GB,qwen3-235b-a22b-thinking-2507,right,2.6666666666666665
BT2KZ,claude-4-sonnet,right,1.3333333333333333
BT2KZ,gemini-2.5-flash,right,0.0
BT2KZ,gemini-2.5-pro,right,2.6666666666666665
BT2KZ,human,right,3.5555555555555554
BT2KZ,o3,right,0.3333333333333333
BT2KZ,qwen3-235b-a22b-thinking-2507,right,0.6666666666666666
B8AKZ,claude-4-sonnet,right,3.6666666666666665
B8AKZ,gemini-2.5-flash,right,1.3333333333333333
B8AKZ,gemini-2.5-pro,right,14.333333333333334
B8AKZ,human,right,19.22222222222222
B8AKZ,o3,right,4.666666666666667
B8AKZ,qwen3-235b-a22b-thinking-2507,right,4.0
9F8AJ,claude-4-sonnet,right,0.6666666666666666
9F8AJ,gemini-2.5-flash,right,12.0
9F8AJ,gemini-2.5-pro,right,13.666666666666666
9F8AJ,human,right,8.333333333333334
9F8AJ,o3,right,0.6666666666666666
9F8AJ,qwen3-235b-a22b-thinking-2507,right,7.0
4CKC2,claude-4-sonnet,right,1.0
4CKC2,gemini-2.5-flash,right,0.6666666666666666
4CKC2,gemini-2.5-pro,right,3.3333333333333335
4CKC2,human,right,1.7777777777777777
4CKC2,o3,right,1.6666666666666667
4CKC2,qwen3-235b-a22b-thinking-2507,right,4.0
7WWW9,claude-4-sonnet,right,16.0
7WWW9,gemini-2.5-flash,right,16.666666666666668
7WWW9,gemini-2.5-pro,right,11.333333333333334
7WWW9,human,right,28.11111111111111
7WWW9,o3,right,7.666666666666667
7WWW9,qwen3-235b-a22b-thinking-2507,right,7.333333333333333
N2NTD,claude-4-sonnet,right,5.333333333333333
N2NTD,gemini-2.5-flash,right,1.0
N2NTD,gemini-2.5-pro,right,1.0
N2NTD,human,right,22.0
N2NTD,o3,right,2.3333333333333335
N2NTD,qwen3-235b-a22b-thinking-2507,right,3.5
BY2Q7,claude-4-sonnet,right,1.0
BY2Q7,gemini-2.5-flash,right,3.3333333333333335
BY2Q7,gemini-2.5-pro,right,8.0
BY2Q7,human,right,6.777777777777778
BY2Q7,o3,right,1.0
BY2Q7,qwen3-235b-a22b-thinking-2507,right,6.666666666666667
4T8TR,claude-4-sonnet,right,1.3333333333333333
4T8TR,gemini-2.5-flash,right,0.6666666666666666
4T8TR,gemini-2.5-pro,right,1.3333333333333333
4T8TR,human,right,3.888888888888889
4T8TR,o3,right,2.0
4T8TR,qwen3-235b-a22b-thinking-2507,right,4.0
YS322,claude-4-sonnet,right,1.0
YS322,gemini-2.5-flash,right,5.0
YS322,gemini-2.5-pro,right,6.0
YS322,human,right,3.6666666666666665
YS322,o3,right,0.6666666666666666
YS322,qwen3-235b-a22b-thinking-2507,right,2.3333333333333335
WHGHP,claude-4-sonnet,right,17.333333333333332
WHGHP,gemini-2.5-flash,right,4.666666666666667
WHGHP,gemini-2.5-pro,right,7.666666666666667
WHGHP,human,right,35.44444444444444
WHGHP,o3,right,7.333333333333333
WHGHP,qwen3-235b-a22b-thinking-2507,right,2.6666666666666665
EAHCW,claude-4-sonnet,right,1.6666666666666667
EAHCW,gemini-2.5-flash,right,0.6666666666666666
EAHCW,gemini-2.5-pro,right,4.0
EAHCW,human,right,7.888888888888889
EAHCW,o3,right,1.6666666666666667
EAHCW,qwen3-235b-a22b-thinking-2507,right,2.6666666666666665
83WKQ,claude-4-sonnet,right,3.6666666666666665
83WKQ,gemini-2.5-flash,right,2.0
83WKQ,gemini-2.5-pro,right,5.0
83WKQ,human,right,9.88888888888889
83WKQ,o3,right,6.0
83WKQ,qwen3-235b-a22b-thinking-2507,right,4.0
3J4Z7,claude-4-sonnet,right,1.3333333333333333
3J4Z7,gemini-2.5-flash,right,0.6666666666666666
3J4Z7,gemini-2.5-pro,right,1.0
3J4Z7,human,right,4.555555555555555
3J4Z7,o3,right,0.3333333333333333
3J4Z7,qwen3-235b-a22b-thinking-2507,right,0.6666666666666666
QDHS3,claude-4-sonnet,right,13.666666666666666
QDHS3,gemini-2.5-flash,right,11.333333333333334
QDHS3,gemini-2.5-pro,right,2.0
QDHS3,human,right,11.222222222222221
QDHS3,o3,right,2.3333333333333335
QDHS3,qwen3-235b-a22b-thinking-2507,right,10.0
VA6FQ,claude-4-sonnet,right,1.0
VA6FQ,gemini-2.5-flash,right,3.6666666666666665
VA6FQ,gemini-2.5-pro,right,2.0
VA6FQ,human,right,10.88888888888889
VA6FQ,o3,right,2.0
VA6FQ,qwen3-235b-a22b-thinking-2507,right,5.333333333333333
7VKTD,claude-4-sonnet,right,18.666666666666668
7VKTD,gemini-2.5-flash,right,3.3333333333333335
7VKTD,gemini-2.5-pro,right,9.0
7VKTD,human,right,5.666666666666667
7VKTD,o3,right,2.3333333333333335
7VKTD,qwen3-235b-a22b-thinking-2507,right,4.666666666666667
set,claude-4-sonnet,right,2.3333333333333335
set,gemini-2.5-flash,right,1.3333333333333333
set,gemini-2.5-pro,right,3.0
set,human,right,5.666666666666667
set,o3,right,0.6666666666666666
set,qwen3-235b-a22b-thinking-2507,right,3.0
XHGKQ,claude-4-sonnet,right,1.3333333333333333
XHGKQ,gemini-2.5-flash,right,1.3333333333333333
XHGKQ,gemini-2.5-pro,right,3.0
XHGKQ,human,right,11.11111111111111
XHGKQ,o3,right,1.6666666666666667
XHGKQ,qwen3-235b-a22b-thinking-2507,right,0.3333333333333333
F5W3N,claude-4-sonnet,right,1.6666666666666667
F5W3N,gemini-2.5-flash,right,2.0
F5W3N,gemini-2.5-pro,right,24.333333333333332
F5W3N,human,right,21.555555555555557
F5W3N,o3,right,1.3333333333333333
F5W3N,qwen3-235b-a22b-thinking-2507,right,1.0
JXQAW,claude-4-sonnet,right,1.3333333333333333
JXQAW,gemini-2.5-flash,right,0.6666666666666666
JXQAW,gemini-2.5-pro,right,6.666666666666667
JXQAW,human,right,5.666666666666667
JXQAW,o3,right,0.3333333333333333
JXQAW,qwen3-235b-a22b-thinking-2507,right,2.6666666666666665
4N7BB,claude-4-sonnet,right,1.0
4N7BB,gemini-2.5-flash,right,0.6666666666666666
4N7BB,gemini-2.5-pro,right,1.0
4N7BB,human,right,2.111111111111111
4N7BB,o3,right,0.3333333333333333
4N7BB,qwen3-235b-a22b-thinking-2507,right,0.3333333333333333
NTQ4Y,claude-4-sonnet,right,1.0
NTQ4Y,gemini-2.5-flash,right,0.6666666666666666
NTQ4Y,gemini-2.5-pro,right,1.3333333333333333
NTQ4Y,human,right,3.2222222222222223
NTQ4Y,o3,right,0.6666666666666666
NTQ4Y,qwen3-235b-a22b-thinking-2507,right,1.0
DGG2C,claude-4-sonnet,right,4.666666666666667
DGG2C,gemini-2.5-flash,right,8.333333333333334
DGG2C,gemini-2.5-pro,right,3.0
DGG2C,human,right,13.777777777777779
DGG2C,o3,right,0.6666666666666666
DGG2C,qwen3-235b-a22b-thinking-2507,right,1.3333333333333333
S2KT7,claude-4-sonnet,click,6.5
S2KT7,gemini-2.5-flash,click,16.666666666666668
S2KT7,gemini-2.5-pro,click,7.666666666666667
S2KT7,human,click,54.22222222222222
S2KT7,o3,click,7.0
S2KT7,qwen3-235b-a22b-thinking-2507,click,5.666666666666667
27VWC,claude-4-sonnet,click,15.0
27VWC,gemini-2.5-flash,click,20.0
27VWC,gemini-2.5-pro,click,13.0
27VWC,human,click,80.44444444444444
27VWC,o3,click,20.666666666666668
27VWC,qwen3-235b-a22b-thinking-2507,click,13.666666666666666
KFQYT,claude-4-sonnet,click,4.333333333333333
KFQYT,gemini-2.5-flash,click,16.666666666666668
KFQYT,gemini-2.5-pro,click,34.333333333333336
KFQYT,human,click,34.55555555555556
KFQYT,o3,click,6.333333333333333
KFQYT,qwen3-235b-a22b-thinking-2507,click,5.666666666666667
B58F3,claude-4-sonnet,click,2.6666666666666665
B58F3,gemini-2.5-flash,click,6.666666666666667
B58F3,gemini-2.5-pro,click,3.6666666666666665
B58F3,human,click,9.222222222222221
B58F3,o3,click,2.3333333333333335
B58F3,qwen3-235b-a22b-thinking-2507,click,3.0
NRDF6,claude-4-sonnet,click,24.0
NRDF6,gemini-2.5-flash,click,13.0
NRDF6,gemini-2.5-pro,click,52.0
NRDF6,human,click,40.333333333333336
NRDF6,o3,click,13.0
NRDF6,qwen3-235b-a22b-thinking-2507,click,13.333333333333334
6JKKA,claude-4-sonnet,click,9.0
6JKKA,gemini-2.5-flash,click,7.666666666666667
6JKKA,gemini-2.5-pro,click,22.666666666666668
6JKKA,human,click,22.666666666666668
6JKKA,o3,click,5.0
6JKKA,qwen3-235b-a22b-thinking-2507,click,4.333333333333333
K8MTQ,claude-4-sonnet,click,21.666666666666668
K8MTQ,gemini-2.5-flash,click,12.0
K8MTQ,gemini-2.5-pro,click,9.0
K8MTQ,human,click,70.66666666666667
K8MTQ,o3,click,7.666666666666667
K8MTQ,qwen3-235b-a22b-thinking-2507,click,10.0
T5F9B,claude-4-sonnet,click,24.333333333333332
T5F9B,gemini-2.5-flash,click,6.333333333333333
T5F9B,gemini-2.5-pro,click,65.33333333333333
T5F9B,human,click,71.88888888888889
T5F9B,o3,click,22.333333333333332
T5F9B,qwen3-235b-a22b-thinking-2507,click,111.33333333333333
N59TE,claude-4-sonnet,click,10.333333333333334
N59TE,gemini-2.5-flash,click,22.333333333333332
N59TE,gemini-2.5-pro,click,69.0
N59TE,human,click,43.44444444444444
N59TE,o3,click,22.333333333333332
N59TE,qwen3-235b-a22b-thinking-2507,click,13.333333333333334
76Z75,claude-4-sonnet,click,10.333333333333334
76Z75,gemini-2.5-flash,click,8.666666666666666
76Z75,gemini-2.5-pro,click,15.0
76Z75,human,click,16.88888888888889
76Z75,o3,click,6.333333333333333
76Z75,qwen3-235b-a22b-thinking-2507,click,3.5
NF5VZ,claude-4-sonnet,click,12.666666666666666
NF5VZ,gemini-2.5-flash,click,9.666666666666666
NF5VZ,gemini-2.5-pro,click,27.333333333333332
NF5VZ,human,click,15.222222222222221
NF5VZ,o3,click,8.0
NF5VZ,qwen3-235b-a22b-thinking-2507,click,1.0
236VK,claude-4-sonnet,click,5.0
236VK,gemini-2.5-flash,click,11.0
236VK,gemini-2.5-pro,click,6.666666666666667
236VK,human,click,14.555555555555555
236VK,o3,click,2.6666666666666665
236VK,qwen3-235b-a22b-thinking-2507,click,3.3333333333333335
DQ8GC,claude-4-sonnet,click,1.3333333333333333
DQ8GC,gemini-2.5-flash,click,2.6666666666666665
DQ8GC,gemini-2.5-pro,click,2.0
DQ8GC,human,click,17.666666666666668
DQ8GC,o3,click,0.6666666666666666
DQ8GC,qwen3-235b-a22b-thinking-2507,click,1.3333333333333333
QM9XB,claude-4-sonnet,click,9.666666666666666
QM9XB,gemini-2.5-flash,click,4.666666666666667
QM9XB,gemini-2.5-pro,click,17.333333333333332
QM9XB,human,click,24.88888888888889
QM9XB,o3,click,11.333333333333334
QM9XB,qwen3-235b-a22b-thinking-2507,click,5.666666666666667
6JVMF,claude-4-sonnet,click,4.0
6JVMF,gemini-2.5-flash,click,1.0
6JVMF,gemini-2.5-pro,click,8.666666666666666
6JVMF,human,click,11.88888888888889
6JVMF,o3,click,2.0
6JVMF,qwen3-235b-a22b-thinking-2507,click,1.0
27JBD,claude-4-sonnet,click,42.0
27JBD,gemini-2.5-flash,click,12.0
27JBD,gemini-2.5-pro,click,17.0
27JBD,human,click,76.77777777777777
27JBD,o3,click,12.333333333333334
27JBD,qwen3-235b-a22b-thinking-2507,click,28.333333333333332
VQJH6,claude-4-sonnet,click,21.0
VQJH6,gemini-2.5-flash,click,10.0
VQJH6,gemini-2.5-pro,click,24.666666666666668
VQJH6,human,click,26.555555555555557
VQJH6,o3,click,10.0
VQJH6,qwen3-235b-a22b-thinking-2507,click,3.6666666666666665
QQM74,claude-4-sonnet,click,4.666666666666667
QQM74,gemini-2.5-flash,click,6.666666666666667
QQM74,gemini-2.5-pro,click,10.0
QQM74,human,click,13.555555555555555
QQM74,o3,click,9.666666666666666
QQM74,qwen3-235b-a22b-thinking-2507,click,5.333333333333333
7XF97,claude-4-sonnet,click,37.333333333333336
7XF97,gemini-2.5-flash,click,19.0
7XF97,gemini-2.5-pro,click,73.33333333333333
7XF97,human,click,42.333333333333336
7XF97,o3,click,14.333333333333334
7XF97,qwen3-235b-a22b-thinking-2507,click,11.333333333333334
BT3GB,claude-4-sonnet,click,4.0
BT3GB,gemini-2.5-flash,click,5.0
BT3GB,gemini-2.5-pro,click,2.0
BT3GB,human,click,10.777777777777779
BT3GB,o3,click,4.0
BT3GB,qwen3-235b-a22b-thinking-2507,click,0.6666666666666666
BT2KZ,claude-4-sonnet,click,5.333333333333333
BT2KZ,gemini-2.5-flash,click,15.666666666666666
BT2KZ,gemini-2.5-pro,click,7.333333333333333
BT2KZ,human,click,22.444444444444443
BT2KZ,o3,click,7.666666666666667
BT2KZ,qwen3-235b-a22b-thinking-2507,click,9.0
B8AKZ,claude-4-sonnet,click,4.0
B8AKZ,gemini-2.5-flash,click,4.333333333333333
B8AKZ,gemini-2.5-pro,click,27.666666666666668
B8AKZ,human,click,43.22222222222222
B8AKZ,o3,click,4.0
B8AKZ,qwen3-235b-a22b-thinking-2507,click,7.333333333333333
9F8AJ,claude-4-sonnet,click,17.333333333333332
9F8AJ,gemini-2.5-flash,click,15.0
9F8AJ,gemini-2.5-pro,click,124.66666666666667
9F8AJ,human,click,68.77777777777777
9F8AJ,o3,click,4.333333333333333
9F8AJ,qwen3-235b-a22b-thinking-2507,click,10.333333333333334
4CKC2,claude-4-sonnet,click,14.0
4CKC2,gemini-2.5-flash,click,8.666666666666666
4CKC2,gemini-2.5-pro,click,18.333333333333332
4CKC2,human,click,49.22222222222222
4CKC2,o3,click,7.0
4CKC2,qwen3-235b-a22b-thinking-2507,click,12.0
7WWW9,claude-4-sonnet,click,4.0
7WWW9,gemini-2.5-flash,click,3.6666666666666665
7WWW9,gemini-2.5-pro,click,7.666666666666667
7WWW9,human,click,5.444444444444445
7WWW9,o3,click,4.0
7WWW9,qwen3-235b-a22b-thinking-2507,click,2.6666666666666665
N2NTD,claude-4-sonnet,click,15.333333333333334
N2NTD,gemini-2.5-flash,click,11.333333333333334
N2NTD,gemini-2.5-pro,click,7.666666666666667
N2NTD,human,click,9.555555555555555
N2NTD,o3,click,4.666666666666667
N2NTD,qwen3-235b-a22b-thinking-2507,click,10.0
BY2Q7,claude-4-sonnet,click,3.6666666666666665
BY2Q7,gemini-2.5-flash,click,19.0
BY2Q7,gemini-2.5-pro,click,75.33333333333333
BY2Q7,human,click,145.88888888888889
BY2Q7,o3,click,24.0
BY2Q7,qwen3-235b-a22b-thinking-2507,click,73.0
4T8TR,claude-4-sonnet,click,3.3333333333333335
4T8TR,gemini-2.5-flash,click,13.333333333333334
4T8TR,gemini-2.5-pro,click,5.333333333333333
4T8TR,human,click,56.55555555555556
4T8TR,o3,click,7.333333333333333
4T8TR,qwen3-235b-a22b-thinking-2507,click,5.666666666666667
YS322,claude-4-sonnet,click,16.333333333333332
YS322,gemini-2.5-flash,click,30.0
YS322,gemini-2.5-pro,click,47.333333333333336
YS322,human,click,82.66666666666667
YS322,o3,click,14.333333333333334
YS322,qwen3-235b-a22b-thinking-2507,click,7.666666666666667
WHGHP,claude-4-sonnet,click,6.0
WHGHP,gemini-2.5-flash,click,4.333333333333333
WHGHP,gemini-2.5-pro,click,22.666666666666668
WHGHP,human,click,6.333333333333333
WHGHP,o3,click,2.0
WHGHP,qwen3-235b-a22b-thinking-2507,click,3.3333333333333335
EAHCW,claude-4-sonnet,click,16.666666666666668
EAHCW,gemini-2.5-flash,click,7.333333333333333
EAHCW,gemini-2.5-pro,click,19.666666666666668
EAHCW,human,click,54.0
EAHCW,o3,click,16.666666666666668
EAHCW,qwen3-235b-a22b-thinking-2507,click,14.333333333333334
83WKQ,claude-4-sonnet,click,3.3333333333333335
83WKQ,gemini-2.5-flash,click,16.0
83WKQ,gemini-2.5-pro,click,9.666666666666666
83WKQ,human,click,110.11111111111111
83WKQ,o3,click,11.666666666666666
83WKQ,qwen3-235b-a22b-thinking-2507,click,4.0
3J4Z7,claude-4-sonnet,click,36.0
3J4Z7,gemini-2.5-flash,click,10.333333333333334
3J4Z7,gemini-2.5-pro,click,7.666666666666667
3J4Z7,human,click,44.666666666666664
3J4Z7,o3,click,16.0
3J4Z7,qwen3-235b-a22b-thinking-2507,click,8.666666666666666
QDHS3,claude-4-sonnet,click,6.0
QDHS3,gemini-2.5-flash,click,2.3333333333333335
QDHS3,gemini-2.5-pro,click,0.6666666666666666
QDHS3,human,click,20.666666666666668
QDHS3,o3,click,1.0
QDHS3,qwen3-235b-a22b-thinking-2507,click,3.6666666666666665
VA6FQ,claude-4-sonnet,click,28.0
VA6FQ,gemini-2.5-flash,click,12.0
VA6FQ,gemini-2.5-pro,click,8.666666666666666
VA6FQ,human,click,97.55555555555556
VA6FQ,o3,click,17.333333333333332
VA6FQ,qwen3-235b-a22b-thinking-2507,click,40.0
7VKTD,claude-4-sonnet,click,6.0
7VKTD,gemini-2.5-flash,click,2.3333333333333335
7VKTD,gemini-2.5-pro,click,4.333333333333333
7VKTD,human,click,8.555555555555555
7VKTD,o3,click,2.0
7VKTD,qwen3-235b-a22b-thinking-2507,click,3.6666666666666665
set,claude-4-sonnet,click,3.3333333333333335
set,gemini-2.5-flash,click,4.666666666666667
set,gemini-2.5-pro,click,4.666666666666667
set,human,click,151.33333333333334
set,o3,click,9.0
set,qwen3-235b-a22b-thinking-2507,click,5.333333333333333
XHGKQ,claude-4-sonnet,click,9.0
XHGKQ,gemini-2.5-flash,click,6.666666666666667
XHGKQ,gemini-2.5-pro,click,15.0
XHGKQ,human,click,2.4444444444444446
XHGKQ,o3,click,16.0
XHGKQ,qwen3-235b-a22b-thinking-2507,click,10.0
F5W3N,claude-4-sonnet,click,7.333333333333333
F5W3N,gemini-2.5-flash,click,4.0
F5W3N,gemini-2.5-pro,click,5.666666666666667
F5W3N,human,click,5.333333333333333
F5W3N,o3,click,1.0
F5W3N,qwen3-235b-a22b-thinking-2507,click,16.0
JXQAW,claude-4-sonnet,click,24.0
JXQAW,gemini-2.5-flash,click,10.666666666666666
JXQAW,gemini-2.5-pro,click,29.0
JXQAW,human,click,52.666666666666664
JXQAW,o3,click,34.0
JXQAW,qwen3-235b-a22b-thinking-2507,click,15.333333333333334
4N7BB,claude-4-sonnet,click,10.333333333333334
4N7BB,gemini-2.5-flash,click,7.666666666666667
4N7BB,gemini-2.5-pro,click,13.0
4N7BB,human,click,42.77777777777778
4N7BB,o3,click,9.666666666666666
4N7BB,qwen3-235b-a22b-thinking-2507,click,6.666666666666667
NTQ4Y,claude-4-sonnet,click,14.666666666666666
NTQ4Y,gemini-2.5-flash,click,7.666666666666667
NTQ4Y,gemini-2.5-pro,click,12.0
NTQ4Y,human,click,75.88888888888889
NTQ4Y,o3,click,12.666666666666666
NTQ4Y,qwen3-235b-a22b-thinking-2507,click,10.0
DGG2C,claude-4-sonnet,click,2.3333333333333335
DGG2C,gemini-2.5-flash,click,10.0
DGG2C,gemini-2.5-pro,click,3.6666666666666665
DGG2C,human,click,10.666666666666666
DGG2C,o3,click,10.666666666666666
DGG2C,qwen3-235b-a22b-thinking-2507,click,4.0
S2KT7,claude-4-sonnet,resets,0.0
S2KT7,gemini-2.5-flash,resets,2.3333333333333335
S2KT7,gemini-2.5-pro,resets,1.3333333333333333
S2KT7,human,resets,1.5555555555555556
S2KT7,o3,resets,1.6666666666666667
S2KT7,qwen3-235b-a22b-thinking-2507,resets,1.3333333333333333
27VWC,claude-4-sonnet,resets,0.0
27VWC,gemini-2.5-flash,resets,2.6666666666666665
27VWC,gemini-2.5-pro,resets,0.0
27VWC,human,resets,3.3333333333333335
27VWC,o3,resets,1.3333333333333333
27VWC,qwen3-235b-a22b-thinking-2507,resets,1.3333333333333333
KFQYT,claude-4-sonnet,resets,0.0
KFQYT,gemini-2.5-flash,resets,1.6666666666666667
KFQYT,gemini-2.5-pro,resets,3.3333333333333335
KFQYT,human,resets,1.1111111111111112
KFQYT,o3,resets,2.0
KFQYT,qwen3-235b-a22b-thinking-2507,resets,0.6666666666666666
B58F3,claude-4-sonnet,resets,0.0
B58F3,gemini-2.5-flash,resets,3.6666666666666665
B58F3,gemini-2.5-pro,resets,0.0
B58F3,human,resets,1.1111111111111112
B58F3,o3,resets,1.3333333333333333
B58F3,qwen3-235b-a22b-thinking-2507,resets,0.5
NRDF6,claude-4-sonnet,resets,0.0
NRDF6,gemini-2.5-flash,resets,1.3333333333333333
NRDF6,gemini-2.5-pro,resets,22.0
NRDF6,human,resets,4.222222222222222
NRDF6,o3,resets,4.666666666666667
NRDF6,qwen3-235b-a22b-thinking-2507,resets,0.3333333333333333
6JKKA,claude-4-sonnet,resets,1.0
6JKKA,gemini-2.5-flash,resets,0.6666666666666666
6JKKA,gemini-2.5-pro,resets,9.0
6JKKA,human,resets,2.4444444444444446
6JKKA,o3,resets,1.3333333333333333
6JKKA,qwen3-235b-a22b-thinking-2507,resets,1.0
K8MTQ,claude-4-sonnet,resets,0.6666666666666666
K8MTQ,gemini-2.5-flash,resets,1.6666666666666667
K8MTQ,gemini-2.5-pro,resets,0.3333333333333333
K8MTQ,human,resets,1.6666666666666667
K8MTQ,o3,resets,0.6666666666666666
K8MTQ,qwen3-235b-a22b-thinking-2507,resets,0.6666666666666666
T5F9B,claude-4-sonnet,resets,2.6666666666666665
T5F9B,gemini-2.5-flash,resets,3.6666666666666665
T5F9B,gemini-2.5-pro,resets,15.666666666666666
T5F9B,human,resets,10.88888888888889
T5F9B,o3,resets,4.0
T5F9B,qwen3-235b-a22b-thinking-2507,resets,2.3333333333333335
N59TE,claude-4-sonnet,resets,0.0
N59TE,gemini-2.5-flash,resets,1.6666666666666667
N59TE,gemini-2.5-pro,resets,1.6666666666666667
N59TE,human,resets,2.0
N59TE,o3,resets,4.0
N59TE,qwen3-235b-a22b-thinking-2507,resets,0.0
76Z75,claude-4-sonnet,resets,3.0
76Z75,gemini-2.5-flash,resets,3.0
76Z75,gemini-2.5-pro,resets,14.0
76Z75,human,resets,1.5555555555555556
76Z75,o3,resets,10.0
76Z75,qwen3-235b-a22b-thinking-2507,resets,0.75
NF5VZ,claude-4-sonnet,resets,0.3333333333333333
NF5VZ,gemini-2.5-flash,resets,3.3333333333333335
NF5VZ,gemini-2.5-pro,resets,0.3333333333333333
NF5VZ,human,resets,1.0
NF5VZ,o3,resets,1.0
NF5VZ,qwen3-235b-a22b-thinking-2507,resets,1.0
236VK,claude-4-sonnet,resets,0.0
236VK,gemini-2.5-flash,resets,0.3333333333333333
236VK,gemini-2.5-pro,resets,0.0
236VK,human,resets,4.0
236VK,o3,resets,0.6666666666666666
236VK,qwen3-235b-a22b-thinking-2507,resets,0.0
DQ8GC,claude-4-sonnet,resets,0.0
DQ8GC,gemini-2.5-flash,resets,0.6666666666666666
DQ8GC,gemini-2.5-pro,resets,0.0
DQ8GC,human,resets,1.6666666666666667
DQ8GC,o3,resets,0.6666666666666666
DQ8GC,qwen3-235b-a22b-thinking-2507,resets,1.0
QM9XB,claude-4-sonnet,resets,0.0
QM9XB,gemini-2.5-flash,resets,0.3333333333333333
QM9XB,gemini-2.5-pro,resets,3.0
QM9XB,human,resets,2.3333333333333335
QM9XB,o3,resets,0.3333333333333333
QM9XB,qwen3-235b-a22b-thinking-2507,resets,0.6666666666666666
6JVMF,claude-4-sonnet,resets,0.0
6JVMF,gemini-2.5-flash,resets,3.3333333333333335
6JVMF,gemini-2.5-pro,resets,1.6666666666666667
6JVMF,human,resets,2.888888888888889
6JVMF,o3,resets,1.0
6JVMF,qwen3-235b-a22b-thinking-2507,resets,0.3333333333333333
27JBD,claude-4-sonnet,resets,0.6666666666666666
27JBD,gemini-2.5-flash,resets,0.6666666666666666
27JBD,gemini-2.5-pro,resets,1.6666666666666667
27JBD,human,resets,3.2222222222222223
27JBD,o3,resets,0.0
27JBD,qwen3-235b-a22b-thinking-2507,resets,0.3333333333333333
VQJH6,claude-4-sonnet,resets,0.0
VQJH6,gemini-2.5-flash,resets,1.0
VQJH6,gemini-2.5-pro,resets,6.333333333333333
VQJH6,human,resets,1.2222222222222223
VQJH6,o3,resets,2.0
VQJH6,qwen3-235b-a22b-thinking-2507,resets,0.6666666666666666
QQM74,claude-4-sonnet,resets,0.0
QQM74,gemini-2.5-flash,resets,5.0
QQM74,gemini-2.5-pro,resets,0.3333333333333333
QQM74,human,resets,3.6666666666666665
QQM74,o3,resets,1.3333333333333333
QQM74,qwen3-235b-a22b-thinking-2507,resets,0.0
7XF97,claude-4-sonnet,resets,2.0
7XF97,gemini-2.5-flash,resets,6.0
7XF97,gemini-2.5-pro,resets,6.666666666666667
7XF97,human,resets,1.8888888888888888
7XF97,o3,resets,1.3333333333333333
7XF97,qwen3-235b-a22b-thinking-2507,resets,0.6666666666666666
BT3GB,claude-4-sonnet,resets,0.0
BT3GB,gemini-2.5-flash,resets,0.0
BT3GB,gemini-2.5-pro,resets,0.3333333333333333
BT3GB,human,resets,1.2222222222222223
BT3GB,o3,resets,0.6666666666666666
BT3GB,qwen3-235b-a22b-thinking-2507,resets,0.3333333333333333
BT2KZ,claude-4-sonnet,resets,0.0
BT2KZ,gemini-2.5-flash,resets,6.666666666666667
BT2KZ,gemini-2.5-pro,resets,1.3333333333333333
BT2KZ,human,resets,2.7777777777777777
BT2KZ,o3,resets,0.6666666666666666
BT2KZ,qwen3-235b-a22b-thinking-2507,resets,1.0
B8AKZ,claude-4-sonnet,resets,0.0
B8AKZ,gemini-2.5-flash,resets,1.3333333333333333
B8AKZ,gemini-2.5-pro,resets,1.6666666666666667
B8AKZ,human,resets,1.7777777777777777
B8AKZ,o3,resets,0.3333333333333333
B8AKZ,qwen3-235b-a22b-thinking-2507,resets,0.6666666666666666
9F8AJ,claude-4-sonnet,resets,0.0
9F8AJ,gemini-2.5-flash,resets,2.3333333333333335
9F8AJ,gemini-2.5-pro,resets,18.0
9F8AJ,human,resets,4.0
9F8AJ,o3,resets,0.3333333333333333
9F8AJ,qwen3-235b-a22b-thinking-2507,resets,1.6666666666666667
4CKC2,claude-4-sonnet,resets,0.0
4CKC2,gemini-2.5-flash,resets,0.6666666666666666
4CKC2,gemini-2.5-pro,resets,6.0
4CKC2,human,resets,3.2222222222222223
4CKC2,o3,resets,0.6666666666666666
4CKC2,qwen3-235b-a22b-thinking-2507,resets,0.6666666666666666
7WWW9,claude-4-sonnet,resets,0.0
7WWW9,gemini-2.5-flash,resets,2.6666666666666665
7WWW9,gemini-2.5-pro,resets,0.6666666666666666
7WWW9,human,resets,1.1111111111111112
7WWW9,o3,resets,1.0
7WWW9,qwen3-235b-a22b-thinking-2507,resets,0.0
N2NTD,claude-4-sonnet,resets,0.0
N2NTD,gemini-2.5-flash,resets,1.3333333333333333
N2NTD,gemini-2.5-pro,resets,0.0
N2NTD,human,resets,1.6666666666666667
N2NTD,o3,resets,0.3333333333333333
N2NTD,qwen3-235b-a22b-thinking-2507,resets,2.0
BY2Q7,claude-4-sonnet,resets,0.0
BY2Q7,gemini-2.5-flash,resets,3.0
BY2Q7,gemini-2.5-pro,resets,22.666666666666668
BY2Q7,human,resets,1.5555555555555556
BY2Q7,o3,resets,0.6666666666666666
BY2Q7,qwen3-235b-a22b-thinking-2507,resets,2.3333333333333335
4T8TR,claude-4-sonnet,resets,0.6666666666666666
4T8TR,gemini-2.5-flash,resets,1.6666666666666667
4T8TR,gemini-2.5-pro,resets,2.0
4T8TR,human,resets,3.888888888888889
4T8TR,o3,resets,2.0
4T8TR,qwen3-235b-a22b-thinking-2507,resets,1.0
YS322,claude-4-sonnet,resets,0.0
YS322,gemini-2.5-flash,resets,2.3333333333333335
YS322,gemini-2.5-pro,resets,11.0
YS322,human,resets,2.2222222222222223
YS322,o3,resets,0.0
YS322,qwen3-235b-a22b-thinking-2507,resets,1.0
WHGHP,claude-4-sonnet,resets,0.0
WHGHP,gemini-2.5-flash,resets,1.6666666666666667
WHGHP,gemini-2.5-pro,resets,2.3333333333333335
WHGHP,human,resets,1.8888888888888888
WHGHP,o3,resets,5.666666666666667
WHGHP,qwen3-235b-a22b-thinking-2507,resets,0.6666666666666666
EAHCW,claude-4-sonnet,resets,0.0
EAHCW,gemini-2.5-flash,resets,1.0
EAHCW,gemini-2.5-pro,resets,3.3333333333333335
EAHCW,human,resets,2.111111111111111
EAHCW,o3,resets,0.3333333333333333
EAHCW,qwen3-235b-a22b-thinking-2507,resets,1.3333333333333333
83WKQ,claude-4-sonnet,resets,0.0
83WKQ,gemini-2.5-flash,resets,8.0
83WKQ,gemini-2.5-pro,resets,2.3333333333333335
83WKQ,human,resets,3.111111111111111
83WKQ,o3,resets,4.0
83WKQ,qwen3-235b-a22b-thinking-2507,resets,0.3333333333333333
3J4Z7,claude-4-sonnet,resets,0.3333333333333333
3J4Z7,gemini-2.5-flash,resets,2.0
3J4Z7,gemini-2.5-pro,resets,1.3333333333333333
3J4Z7,human,resets,2.0
3J4Z7,o3,resets,3.6666666666666665
3J4Z7,qwen3-235b-a22b-thinking-2507,resets,1.0
QDHS3,claude-4-sonnet,resets,0.3333333333333333
QDHS3,gemini-2.5-flash,resets,0.3333333333333333
QDHS3,gemini-2.5-pro,resets,0.3333333333333333
QDHS3,human,resets,1.1111111111111112
QDHS3,o3,resets,0.3333333333333333
QDHS3,qwen3-235b-a22b-thinking-2507,resets,0.6666666666666666
VA6FQ,claude-4-sonnet,resets,0.0
VA6FQ,gemini-2.5-flash,resets,7.666666666666667
VA6FQ,gemini-2.5-pro,resets,1.3333333333333333
VA6FQ,human,resets,4.777777777777778
VA6FQ,o3,resets,3.0
VA6FQ,qwen3-235b-a22b-thinking-2507,resets,4.0
7VKTD,claude-4-sonnet,resets,0.0
7VKTD,gemini-2.5-flash,resets,0.6666666666666666
7VKTD,gemini-2.5-pro,resets,1.0
7VKTD,human,resets,1.4444444444444444
7VKTD,o3,resets,0.0
7VKTD,qwen3-235b-a22b-thinking-2507,resets,0.0
set,claude-4-sonnet,resets,0.0
set,gemini-2.5-flash,resets,1.3333333333333333
set,gemini-2.5-pro,resets,0.0
set,human,resets,3.7777777777777777
set,o3,resets,0.3333333333333333
set,qwen3-235b-a22b-thinking-2507,resets,0.6666666666666666
XHGKQ,claude-4-sonnet,resets,0.0
XHGKQ,gemini-2.5-flash,resets,0.6666666666666666
XHGKQ,gemini-2.5-pro,resets,0.3333333333333333
XHGKQ,human,resets,1.1111111111111112
XHGKQ,o3,resets,2.3333333333333335
XHGKQ,qwen3-235b-a22b-thinking-2507,resets,0.0
F5W3N,claude-4-sonnet,resets,0.0
F5W3N,gemini-2.5-flash,resets,0.0
F5W3N,gemini-2.5-pro,resets,1.0
F5W3N,human,resets,1.7777777777777777
F5W3N,o3,resets,0.3333333333333333
F5W3N,qwen3-235b-a22b-thinking-2507,resets,0.0
JXQAW,claude-4-sonnet,resets,1.3333333333333333
JXQAW,gemini-2.5-flash,resets,0.0
JXQAW,gemini-2.5-pro,resets,4.666666666666667
JXQAW,human,resets,5.333333333333333
JXQAW,o3,resets,7.666666666666667
JXQAW,qwen3-235b-a22b-thinking-2507,resets,2.6666666666666665
4N7BB,claude-4-sonnet,resets,0.0
4N7BB,gemini-2.5-flash,resets,1.6666666666666667
4N7BB,gemini-2.5-pro,resets,0.6666666666666666
4N7BB,human,resets,1.4444444444444444
4N7BB,o3,resets,0.6666666666666666
4N7BB,qwen3-235b-a22b-thinking-2507,resets,0.3333333333333333
NTQ4Y,claude-4-sonnet,resets,0.6666666666666666
NTQ4Y,gemini-2.5-flash,resets,0.0
NTQ4Y,gemini-2.5-pro,resets,1.0
NTQ4Y,human,resets,2.7777777777777777
NTQ4Y,o3,resets,1.0
NTQ4Y,qwen3-235b-a22b-thinking-2507,resets,0.6666666666666666
DGG2C,claude-4-sonnet,resets,0.0
DGG2C,gemini-2.5-flash,resets,8.333333333333334
DGG2C,gemini-2.5-pro,resets,0.0
DGG2C,human,resets,1.6666666666666667
DGG2C,o3,resets,0.6666666666666666
DGG2C,qwen3-235b-a22b-thinking-2507,resets,0.0
